N,leech_bits,frodo_bits
1,145.12601786515376,131.03543020677517
2,144.92928452822542,129.56199594180407
3,144.74065066725097,128.5009879598643
4,144.55903600839804,127.60892176605965
5,144.3835639478495,126.8094462698407
6,144.21351326655463,126.06854358440795
7,144.04828336607977,125.36806468818223
8,143.88736872096072,124.69717509975607
9,143.73033976173815,124.04888583108955
10,143.57682833843785,123.41842457920448
11,143.4265165070974,122.80238730337184
12,143.27912776714143,122.19826049610674
13,143.1344201333706,121.60413531627024
14,142.99218059987936,121.01852795529544
15,142.85222067305824,120.44026212291652
16,142.7143727349715,119.86838953363863
17,142.57848705837557,119.30213453947378
18,142.44442933798575,118.74085461137608
19,142.31207863433355,118.18401151894997
20,142.18132565006215,117.63114991079759
21,142.0520712761114,117.08188112602001
22,141.92422535856255,116.53587077492939
23,141.79770564708645,115.99282908255122
24,141.67243689377642,115.4525032886964
25,141.54835007723756,114.91467160041448
26,141.4253817315741,114.37913833120491
27,141.3034733636763,113.84572995804385
28,141.18257094519743,113.31429189581043
29,141.06262446799843,112.78468583796442
30,140.94358755375953,112.2567875482242
31,140.82541711001028,111.73048501446411
32,140.70807302609614,111.20567689579534
33,140.59151790363057,110.68227120867198
34,140.4757168168324,110.16018420918952
35,140.36063709884957,109.63933943743733
36,140.24624815075157,109.11966689650308
37,140.13252127035727,108.6011023439844
38,140.01942949847052,108.08358667799922
39,139.90694748043603,107.56706540296162
40,139.79505134121462,107.05148816300209
41,139.68371857241965,106.53680833300812
42,139.5729279299627,106.02298265895031
43,139.46265934113114,105.509970940535
44,139.35289382007096,104.99773575034266
45,139.24361339077606,104.48624218453175
46,139.13480101679556,103.97545764094399
47,139.02644053696616,103.46535162107452
48,138.91851660655834,102.95589555289183
49,138.81101464329703,102.44706263192747
50,138.70392077777825,101.93882767842028
51,138.5972218078586,101.43116700860737
52,138.49090515663994,100.92405831851346
53,138.38495883371385,100.4174805788098
54,138.2793713993663,99.91141393950079
55,138.17413193147456,99.4058396433566
56,138.06922999485607,98.90073994714555
57,137.96465561285459,98.39609804983833
58,137.86039924096917,97.89189802705602
59,137.75645174235302,97.38812477112175
60,137.65280436502348,96.8847639361506
61,137.54944872064306,96.38180188767808
62,137.4463767647415,95.8792256563845
63,137.34358077826425,95.3770228955216
64,137.24105335034056,94.87518184169193
65,137.1387873621765,94.37369127866899
66,137.0367759719851,93.8725405039792
67,136.9350126008751,93.37171929799717
68,136.8334909196251,92.87121789533005
69,136.73220483627807,92.37102695829105
70,136.6311484844951,91.87113755228144
71,136.5303162126138,91.37154112291859
72,136.42970257336037,90.8722294747638
73,136.32930231416938,90.37319475151706
74,136.22911036806843,89.87442941755936
75,136.12912184508838,89.3759262407338
76,136.0293320241637,88.87767827626718
77,135.92973634548946,88.37967885174247
78,135.83033040330434,87.88192155304094
79,135.73110993907153,87.38440021117967
80,135.63207083503175,86.88710888997704
81,135.53320910810424,86.39004187448441
82,135.43452090411245,85.89319366012728
83,135.33600249231608,85.39655894250515
84,135.2376502602278,84.90013260780154
85,135.13946070869864,84.4039097237621
86,135.04143044725487,83.9078855311999
87,134.94355618967148,83.41205543599207
88,134.8458347497676,82.91641500153364
89,134.7482630374109,82.42095994161774
90,134.6508380547188,81.92568611371368
91,134.5535568924446,81.43058951261636
92,134.4564167265381,80.93566626444269
93,134.359414814871,80.44091262095259
94,134.26254849411686,79.94632495417369
95,134.16581517677793,79.4518997513105
96,134.06921234835022,78.95763360992
97,133.97273756461885,78.4635232333373
98,133.87638844907747,77.96956542633589
99,133.78016269046384,77.47575709100819
100,133.6840580404066,76.9820952228531
101,133.58807231117618,76.48857690705816
102,133.49220337353532,75.995199314965
103,133.39644915468298,75.501959700707
104,133.30080763628803,75.00885539800973
105,133.2052768526068,74.51588381714403
106,133.10985488868127,74.02304244202384
107,133.01453987861333,73.53032882744023
108,132.91933000391114,73.03774059642397
109,132.82422349190466,72.5452754377298
110,132.729218614226,72.05293110343533
111,132.63431368535248,71.56070540664896
112,132.53950706120833,71.0685962193202
113,132.44479713782312,70.57660147014761
114,132.35018235004347,70.0847191425787
115,132.25566117029592,69.59294727289733
116,132.16123210739866,69.10128394839384
117,132.06689370541932,68.60972730561359
118,131.97264454257726,68.11827552868036
119,131.87848323018792,67.62692684769007
120,131.7844084116477,67.13567953717215
121,131.69041876145687,66.64453191461436
122,131.59651298427974,66.15348233904861
123,131.5026898140394,65.66252920969431
124,131.40894801304654,65.17167096465681
125,131.3152863711599,64.68090607967795
126,131.22170370497753,64.19023306693649
127,131.12819885705738,63.69965047389595
128,131.0347706951663,63.20915688219763
